cell_name,annotation
168_137-0,Brain
171_114-0,Heart
171_115-0,Heart
172_112-0,Heart
172_113-0,Heart
172_114-0,Heart
172_115-0,Heart
172_116-0,Heart
173_110-0,Heart
173_111-0,Heart
173_112-0,Heart
173_113-0,Heart
173_114-0,Heart
173_115-0,Heart
173_116-0,Heart
173_117-0,Heart
173_118-0,Heart
173_121-0,Heart
174_108-0,Heart
174_109-0,Heart
174_110-0,Heart
174_111-0,Heart
174_112-0,Heart
174_113-0,Heart
174_114-0,Heart
174_115-0,Heart
174_116-0,Heart
174_117-0,Heart
174_118-0,Heart
174_119-0,Heart
174_120-0,Heart
174_121-0,Heart
174_122-0,Heart
174_123-0,Heart
174_124-0,Heart
174_125-0,Heart
175_107-0,Heart
175_108-0,Heart
175_109-0,Heart
175_110-0,Heart
175_111-0,Heart
175_112-0,Heart
175_113-0,Heart
175_114-0,Heart
175_115-0,Heart
175_116-0,Heart
175_117-0,Heart
175_118-0,Heart
175_119-0,Heart
175_120-0,Heart
175_121-0,Heart
175_122-0,Heart
175_123-0,Heart
175_124-0,Heart
176_107-0,Heart
176_108-0,Heart
176_109-0,Heart
176_110-0,Heart
176_111-0,Heart
176_112-0,Heart
176_113-0,Heart
176_114-0,Heart
176_115-0,Heart
176_116-0,Heart
176_117-0,Heart
176_118-0,Heart
176_119-0,Heart
176_120-0,Heart
176_121-0,Heart
176_122-0,Heart
177_106-0,Heart
177_107-0,Heart
177_108-0,Heart
177_109-0,Heart
177_110-0,Heart
177_111-0,Heart
177_112-0,Heart
177_113-0,Heart
177_114-0,Heart
177_115-0,Heart
177_116-0,Heart
177_117-0,Heart
177_118-0,Heart
177_119-0,Heart
177_120-0,Heart
177_121-0,Heart
177_122-0,Heart
178_106-0,Heart
178_107-0,Heart
178_108-0,Heart
178_109-0,Heart
178_110-0,Heart
178_111-0,Heart
178_112-0,Heart
178_113-0,Heart
178_119-0,Heart
178_120-0,Heart
178_121-0,Heart
178_122-0,Heart
178_123-0,Heart
178_129-0,Heart
179_106-0,Heart
179_107-0,Heart
179_108-0,Heart
179_109-0,Heart
179_110-0,Heart
179_111-0,Heart
179_112-0,Heart
179_113-0,Heart
179_119-0,Heart
179_120-0,Heart
179_121-0,Heart
179_122-0,Heart
179_123-0,Heart
179_127-0,Heart
179_128-0,Heart
179_129-0,Heart
180_106-0,Heart
180_107-0,Heart
180_108-0,Heart
180_109-0,Heart
180_110-0,Heart
180_111-0,Heart
180_112-0,Heart
180_119-0,Heart
180_120-0,Heart
180_121-0,Heart
180_122-0,Heart
180_123-0,Heart
180_124-0,Heart
180_125-0,Heart
180_126-0,Heart
180_127-0,Heart
180_128-0,Heart
180_129-0,Heart
180_141-0,Neural crest
181_106-0,Heart
181_107-0,Heart
181_108-0,Heart
181_109-0,Heart
181_110-0,Heart
181_111-0,Heart
181_119-0,Heart
181_120-0,Heart
181_121-0,Heart
181_122-0,Heart
181_123-0,Heart
181_124-0,Heart
181_125-0,Heart
181_126-0,Heart
181_127-0,Heart
181_128-0,Heart
181_129-0,Heart
181_138-0,Neural crest
181_139-0,Neural crest
181_140-0,Neural crest
181_141-0,Neural crest
182_106-0,Heart
182_107-0,Heart
182_108-0,Heart
182_109-0,Heart
182_110-0,Heart
182_111-0,Heart
182_119-0,Heart
182_120-0,Heart
182_121-0,Heart
182_122-0,Heart
182_123-0,Heart
182_124-0,Heart
182_125-0,Heart
182_126-0,Heart
182_127-0,Heart
182_128-0,Heart
182_129-0,Heart
182_138-0,Neural crest
182_139-0,Neural crest
182_140-0,Neural crest
182_141-0,Neural crest
182_142-0,Neural crest
182_143-0,Neural crest
183_106-0,Heart
183_107-0,Heart
183_108-0,Heart
183_109-0,Heart
183_110-0,Heart
183_111-0,Heart
183_112-0,Heart
183_113-0,Heart
183_118-0,Heart
183_119-0,Heart
183_120-0,Heart
183_121-0,Heart
183_122-0,Heart
183_123-0,Heart
183_124-0,Heart
183_125-0,Heart
183_126-0,Heart
183_127-0,Heart
183_128-0,Heart
183_137-0,Neural crest
183_138-0,Neural crest
183_139-0,Neural crest
183_140-0,Neural crest
183_141-0,Neural crest
183_142-0,Neural crest
183_143-0,Neural crest
183_144-0,Neural crest
183_145-0,Neural crest
183_151-0,Neural crest
183_153-0,Neural crest
184_106-0,Heart
184_107-0,Heart
184_108-0,Heart
184_109-0,Heart
184_110-0,Heart
184_111-0,Heart
184_112-0,Heart
184_113-0,Heart
184_114-0,Heart
184_118-0,Heart
184_119-0,Heart
184_120-0,Heart
184_121-0,Heart
184_122-0,Heart
184_124-0,Heart
184_125-0,Heart
184_126-0,Heart
184_127-0,Heart
184_128-0,Heart
184_137-0,Neural crest
184_138-0,Neural crest
184_139-0,Neural crest
184_140-0,Neural crest
184_141-0,Neural crest
184_142-0,Neural crest
184_143-0,Neural crest
184_144-0,Neural crest
184_145-0,Neural crest
184_146-0,Neural crest
184_147-0,Neural crest
184_148-0,Neural crest
184_149-0,Neural crest
184_150-0,Neural crest
184_151-0,Neural crest
184_152-0,Neural crest
185_106-0,Heart
185_107-0,Heart
185_108-0,Heart
185_109-0,Heart
185_110-0,Heart
185_111-0,Heart
185_112-0,Heart
185_113-0,Heart
185_114-0,Heart
185_115-0,Heart
185_116-0,Heart
185_117-0,Heart
185_118-0,Heart
185_119-0,Heart
185_120-0,Heart
185_121-0,Heart
185_122-0,Heart
185_124-0,Heart
185_125-0,Heart
185_126-0,Heart
185_127-0,Heart
185_128-0,Heart
185_136-0,Neural crest
185_137-0,Neural crest
185_138-0,Neural crest
185_139-0,Neural crest
185_140-0,Neural crest
185_141-0,Neural crest
185_142-0,Neural crest
185_143-0,Neural crest
185_144-0,Neural crest
185_145-0,Neural crest
185_146-0,Neural crest
185_147-0,Neural crest
185_148-0,Neural crest
185_149-0,Neural crest
185_150-0,Neural crest
185_151-0,Neural crest
185_152-0,Neural crest
185_153-0,Neural crest
186_107-0,Heart
186_108-0,Heart
186_109-0,Heart
186_110-0,Heart
186_111-0,Heart
186_112-0,Heart
186_113-0,Heart
186_114-0,Heart
186_115-0,Heart
186_116-0,Heart
186_117-0,Heart
186_118-0,Heart
186_119-0,Heart
186_120-0,Heart
186_121-0,Heart
186_122-0,Heart
186_124-0,Heart
186_125-0,Heart
186_126-0,Heart
186_127-0,Heart
186_128-0,Heart
186_135-0,Neural crest
186_136-0,Neural crest
186_137-0,Neural crest
186_138-0,Neural crest
186_139-0,Neural crest
186_140-0,Neural crest
186_141-0,Neural crest
186_142-0,Neural crest
186_143-0,Neural crest
186_144-0,Neural crest
186_145-0,Neural crest
186_146-0,Neural crest
186_147-0,Neural crest
186_148-0,Neural crest
186_149-0,Neural crest
186_150-0,Neural crest
186_151-0,Neural crest
186_152-0,Neural crest
186_153-0,Neural crest
187_108-0,Heart
187_109-0,Heart
187_110-0,Heart
187_111-0,Heart
187_112-0,Heart
187_113-0,Heart
187_114-0,Heart
187_115-0,Heart
187_116-0,Heart
187_117-0,Heart
187_118-0,Heart
187_119-0,Heart
187_120-0,Heart
187_121-0,Heart
187_122-0,Heart
187_123-0,Heart
187_124-0,Heart
187_125-0,Heart
187_126-0,Heart
187_127-0,Heart
187_134-0,Neural crest
187_135-0,Neural crest
187_136-0,Neural crest
187_137-0,Neural crest
187_138-0,Neural crest
187_139-0,Neural crest
187_140-0,Neural crest
187_141-0,Neural crest
187_142-0,Neural crest
187_143-0,Neural crest
187_144-0,Neural crest
187_145-0,Neural crest
187_146-0,Neural crest
187_147-0,Neural crest
187_148-0,Neural crest
187_149-0,Neural crest
187_150-0,Neural crest
187_151-0,Neural crest
187_152-0,Neural crest
187_153-0,Neural crest
188_108-0,Heart
188_109-0,Heart
188_110-0,Heart
188_111-0,Heart
188_112-0,Heart
188_113-0,Heart
188_114-0,Heart
188_115-0,Heart
188_116-0,Heart
188_117-0,Heart
188_118-0,Heart
188_119-0,Heart
188_120-0,Heart
188_121-0,Heart
188_122-0,Heart
188_123-0,Heart
188_124-0,Heart
188_125-0,Heart
188_126-0,Heart
188_127-0,Heart
188_134-0,Neural crest
188_135-0,Neural crest
188_136-0,Neural crest
188_137-0,Neural crest
188_138-0,Neural crest
188_139-0,Neural crest
188_140-0,Neural crest
188_141-0,Neural crest
188_142-0,Neural crest
188_143-0,Neural crest
188_144-0,Neural crest
188_145-0,Neural crest
188_146-0,Neural crest
188_147-0,Neural crest
188_148-0,Neural crest
188_149-0,Neural crest
188_150-0,Neural crest
188_151-0,Neural crest
188_152-0,Neural crest
188_153-0,Neural crest
189_108-0,Heart
189_109-0,Heart
189_110-0,Heart
189_111-0,Heart
189_112-0,Heart
189_113-0,Heart
189_114-0,Heart
189_115-0,Heart
189_116-0,Heart
189_117-0,Heart
189_118-0,Heart
189_119-0,Heart
189_120-0,Heart
189_121-0,Heart
189_122-0,Heart
189_123-0,Heart
189_124-0,Heart
189_125-0,Heart
189_126-0,Heart
189_127-0,Heart
189_134-0,Neural crest
189_135-0,Neural crest
189_136-0,Neural crest
189_137-0,Neural crest
189_138-0,Neural crest
189_139-0,Neural crest
189_140-0,Neural crest
189_141-0,Neural crest
189_142-0,Neural crest
189_143-0,Neural crest
189_144-0,Neural crest
189_145-0,Neural crest
189_146-0,Neural crest
189_147-0,Neural crest
189_148-0,Neural crest
189_149-0,Neural crest
189_150-0,Neural crest
189_151-0,Neural crest
189_152-0,Neural crest
189_153-0,Neural crest
190_108-0,Heart
190_109-0,Heart
190_110-0,Heart
190_111-0,Heart
190_112-0,Heart
190_113-0,Heart
190_114-0,Heart
190_115-0,Heart
190_116-0,Heart
190_117-0,Heart
190_118-0,Heart
190_119-0,Heart
190_120-0,Heart
190_121-0,Heart
190_122-0,Heart
190_123-0,Heart
190_124-0,Heart
190_125-0,Heart
190_126-0,Heart
190_133-0,Neural crest
190_134-0,Neural crest
190_135-0,Neural crest
190_136-0,Neural crest
190_137-0,Neural crest
190_138-0,Neural crest
190_139-0,Neural crest
190_140-0,Neural crest
190_141-0,Neural crest
190_142-0,Neural crest
190_143-0,Neural crest
190_144-0,Neural crest
190_145-0,Neural crest
190_146-0,Neural crest
190_147-0,Neural crest
190_148-0,Neural crest
190_149-0,Neural crest
190_150-0,Neural crest
190_151-0,Neural crest
190_152-0,Neural crest
190_153-0,Neural crest
191_108-0,Heart
191_109-0,Heart
191_110-0,Heart
191_111-0,Heart
191_112-0,Heart
191_113-0,Heart
191_114-0,Heart
191_115-0,Heart
191_116-0,Heart
191_117-0,Heart
191_118-0,Heart
191_119-0,Heart
191_120-0,Heart
191_121-0,Heart
191_122-0,Heart
191_123-0,Heart
191_125-0,Heart
191_126-0,Heart
191_133-0,Neural crest
191_134-0,Neural crest
191_135-0,Neural crest
191_136-0,Neural crest
191_137-0,Neural crest
191_138-0,Neural crest
191_139-0,Neural crest
191_140-0,Neural crest
191_141-0,Neural crest
191_142-0,Neural crest
191_143-0,Neural crest
191_144-0,Neural crest
191_145-0,Neural crest
191_146-0,Neural crest
191_147-0,Neural crest
191_148-0,Neural crest
191_149-0,Neural crest
191_152-0,Neural crest
191_153-0,Neural crest
192_108-0,Heart
192_109-0,Heart
192_110-0,Heart
192_111-0,Heart
192_112-0,Heart
192_113-0,Heart
192_114-0,Heart
192_115-0,Heart
192_116-0,Heart
192_117-0,Heart
192_118-0,Heart
192_119-0,Heart
192_120-0,Heart
192_121-0,Heart
192_122-0,Heart
192_133-0,Neural crest
192_134-0,Neural crest
192_135-0,Neural crest
192_136-0,Neural crest
192_137-0,Neural crest
192_138-0,Neural crest
192_139-0,Neural crest
192_140-0,Neural crest
192_141-0,Neural crest
192_142-0,Neural crest
192_143-0,Neural crest
192_144-0,Neural crest
192_145-0,Neural crest
192_147-0,Neural crest
192_148-0,Neural crest
192_149-0,Neural crest
192_152-0,Neural crest
192_153-0,Neural crest
193_109-0,Heart
193_110-0,Heart
193_111-0,Heart
193_112-0,Heart
193_113-0,Heart
193_114-0,Heart
193_115-0,Heart
193_116-0,Heart
193_117-0,Heart
193_118-0,Heart
193_119-0,Heart
193_120-0,Heart
193_121-0,Heart
193_122-0,Heart
193_132-0,Neural crest
193_133-0,Neural crest
193_134-0,Neural crest
193_135-0,Neural crest
193_136-0,Neural crest
193_137-0,Neural crest
193_138-0,Neural crest
193_139-0,Neural crest
193_140-0,Neural crest
193_141-0,Neural crest
193_142-0,Neural crest
193_143-0,Neural crest
193_144-0,Neural crest
193_145-0,Neural crest
193_146-0,Neural crest
193_147-0,Neural crest
193_148-0,Neural crest
193_152-0,Neural crest
194_111-0,Heart
194_112-0,Heart
194_113-0,Heart
194_114-0,Heart
194_115-0,Heart
194_121-0,Heart
194_122-0,Heart
194_132-0,Neural crest
194_133-0,Neural crest
194_134-0,Neural crest
194_135-0,Neural crest
194_136-0,Neural crest
194_137-0,Neural crest
194_138-0,Neural crest
194_139-0,Neural crest
194_140-0,Neural crest
194_141-0,Neural crest
194_142-0,Neural crest
194_143-0,Neural crest
194_144-0,Neural crest
194_145-0,Neural crest
194_146-0,Neural crest
194_147-0,Neural crest
194_148-0,Neural crest
194_152-0,Neural crest
195_111-0,Neural crest
195_112-0,Neural crest
195_113-0,Neural crest
195_114-0,Neural crest
195_131-0,Neural crest
195_132-0,Neural crest
195_133-0,Neural crest
195_134-0,Neural crest
195_135-0,Neural crest
195_136-0,Neural crest
195_137-0,Neural crest
195_138-0,Neural crest
195_139-0,Neural crest
195_140-0,Neural crest
195_141-0,Neural crest
195_142-0,Neural crest
195_143-0,Neural crest
195_144-0,Neural crest
195_145-0,Neural crest
195_146-0,Neural crest
195_147-0,Brain
195_148-0,Brain
195_149-0,Neural crest
195_150-0,Neural crest
195_151-0,Neural crest
195_152-0,Brain
196_111-0,Neural crest
196_112-0,Neural crest
196_113-0,Neural crest
196_123-0,Neural crest
196_130-0,Neural crest
196_131-0,Neural crest
196_132-0,Neural crest
196_133-0,Neural crest
196_134-0,Neural crest
196_135-0,Neural crest
196_136-0,Neural crest
196_137-0,Neural crest
196_138-0,Neural crest
196_139-0,Neural crest
196_140-0,Neural crest
196_141-0,Neural crest
196_142-0,Neural crest
196_143-0,Neural crest
196_144-0,Neural crest
196_145-0,Neural crest
196_146-0,Brain
196_147-0,Brain
196_148-0,Brain
196_149-0,Brain
196_150-0,Neural crest
196_151-0,Neural crest
196_152-0,Brain
196_153-0,Brain
196_155-0,Brain
196_156-0,Brain
197_110-0,Neural crest
197_111-0,Neural crest
197_112-0,Neural crest
197_129-0,Neural crest
197_130-0,Neural crest
197_131-0,Neural crest
197_132-0,Neural crest
197_133-0,Neural crest
197_134-0,Neural crest
197_135-0,Neural crest
197_136-0,Neural crest
197_137-0,Neural crest
197_138-0,Neural crest
197_139-0,Neural crest
197_140-0,Neural crest
197_141-0,Neural crest
197_142-0,Neural crest
197_143-0,Neural crest
197_144-0,Neural crest
197_145-0,Brain
197_146-0,Brain
197_147-0,Brain
197_148-0,Brain
197_149-0,Brain
197_150-0,Brain
197_151-0,Brain
197_152-0,Brain
197_153-0,Brain
197_154-0,Brain
197_155-0,Brain
197_156-0,Brain
198_109-0,Neural crest
198_110-0,Neural crest
198_111-0,Neural crest
198_129-0,Neural crest
198_130-0,Neural crest
198_131-0,Neural crest
198_132-0,Neural crest
198_133-0,Neural crest
198_134-0,Neural crest
198_135-0,Neural crest
198_136-0,Neural crest
198_137-0,Neural crest
198_138-0,Neural crest
198_139-0,Neural crest
198_140-0,Neural crest
198_141-0,Neural crest
198_142-0,Neural crest
198_143-0,Neural crest
198_144-0,Brain
198_145-0,Brain
198_146-0,Brain
198_147-0,Brain
198_148-0,Brain
198_149-0,Brain
198_150-0,Brain
198_151-0,Brain
198_152-0,Brain
198_153-0,Brain
198_154-0,Brain
198_155-0,Brain
198_156-0,Brain
198_89-0,Neural crest
198_90-0,Neural crest
198_91-0,Neural crest
198_93-0,Neural crest
198_94-0,Neural crest
198_95-0,Neural crest
199_109-0,Neural crest
199_110-0,Neural crest
199_111-0,Neural crest
199_122-0,Neural crest
199_123-0,Neural crest
199_128-0,Neural crest
199_129-0,Neural crest
199_130-0,Neural crest
199_131-0,Neural crest
199_133-0,Neural crest
199_134-0,Neural crest
199_135-0,Brain
199_136-0,Brain
199_137-0,Brain
199_138-0,Neural crest
199_139-0,Neural crest
199_140-0,Neural crest
199_141-0,Neural crest
199_142-0,Brain
199_143-0,Brain
199_144-0,Brain
199_145-0,Brain
199_146-0,Brain
199_147-0,Brain
199_148-0,Brain
199_149-0,Brain
199_150-0,Brain
199_151-0,Brain
199_152-0,Brain
199_153-0,Brain
199_154-0,Brain
199_155-0,Brain
199_156-0,Brain
199_86-0,Neural crest
199_87-0,Neural crest
199_88-0,Neural crest
199_89-0,Neural crest
199_90-0,Neural crest
199_91-0,Neural crest
199_92-0,Neural crest
199_93-0,Neural crest
199_94-0,Neural crest
199_95-0,Neural crest
199_96-0,Neural crest
199_97-0,Neural crest
200_109-0,Neural crest
200_110-0,Neural crest
200_111-0,Neural crest
200_121-0,Neural crest
200_122-0,Neural crest
200_123-0,Neural crest
200_128-0,Neural crest
200_129-0,Neural crest
200_130-0,Neural crest
200_131-0,Neural crest
200_132-0,Neural crest
200_133-0,Neural crest
200_134-0,Brain
200_135-0,Brain
200_136-0,Brain
200_137-0,Brain
200_138-0,Brain
200_139-0,Brain
200_140-0,Brain
200_141-0,Brain
200_142-0,Brain
200_143-0,Brain
200_144-0,Brain
200_145-0,Brain
200_146-0,Brain
200_147-0,Brain
200_148-0,Brain
200_149-0,Brain
200_150-0,Brain
200_151-0,Brain
200_152-0,Brain
200_153-0,Brain
200_154-0,Brain
200_155-0,Brain
200_156-0,Brain
200_85-0,Neural crest
200_86-0,Neural crest
200_87-0,Neural crest
200_88-0,Neural crest
200_89-0,Neural crest
200_90-0,Neural crest
200_91-0,Neural crest
200_92-0,Neural crest
200_93-0,Neural crest
200_94-0,Neural crest
200_95-0,Neural crest
200_96-0,Neural crest
200_97-0,Neural crest
200_98-0,Neural crest
200_99-0,Neural crest
201_100-0,Neural crest
201_109-0,Neural crest
201_110-0,Neural crest
201_111-0,Neural crest
201_120-0,Neural crest
201_121-0,Neural crest
201_122-0,Neural crest
201_123-0,Neural crest
201_127-0,Neural crest
201_128-0,Neural crest
201_129-0,Neural crest
201_130-0,Neural crest
201_133-0,Brain
201_134-0,Brain
201_135-0,Brain
201_136-0,Brain
201_137-0,Brain
201_138-0,Brain
201_139-0,Brain
201_140-0,Brain
201_141-0,Brain
201_142-0,Brain
201_143-0,Brain
201_144-0,Brain
201_145-0,Brain
201_146-0,Brain
201_147-0,Brain
201_148-0,Brain
201_149-0,Brain
201_150-0,Brain
201_151-0,Brain
201_152-0,Brain
201_153-0,Brain
201_154-0,Brain
201_155-0,Brain
201_84-0,Neural crest
201_85-0,Neural crest
201_86-0,Neural crest
201_87-0,Neural crest
201_88-0,Neural crest
201_89-0,Neural crest
201_90-0,Neural crest
201_91-0,Neural crest
201_92-0,Neural crest
201_93-0,Neural crest
201_94-0,Neural crest
201_95-0,Neural crest
201_96-0,Neural crest
201_97-0,Neural crest
201_98-0,Neural crest
201_99-0,Neural crest
202_100-0,Neural crest
202_101-0,Neural crest
202_109-0,Neural crest
202_110-0,Neural crest
202_111-0,Neural crest
202_120-0,Neural crest
202_121-0,Neural crest
202_122-0,Neural crest
202_126-0,Neural crest
202_127-0,Neural crest
202_128-0,Neural crest
202_133-0,Brain
202_134-0,Brain
202_135-0,Brain
202_136-0,Brain
202_137-0,Brain
202_138-0,Brain
202_139-0,Brain
202_140-0,Brain
202_141-0,Brain
202_142-0,Brain
202_143-0,Brain
202_144-0,Brain
202_145-0,Brain
202_146-0,Brain
202_147-0,Brain
202_148-0,Brain
202_149-0,Brain
202_150-0,Brain
202_151-0,Brain
202_152-0,Brain
202_153-0,Brain
202_154-0,Brain
202_155-0,Brain
202_83-0,Neural crest
202_84-0,Neural crest
202_85-0,Neural crest
202_86-0,Neural crest
202_87-0,Neural crest
202_88-0,Neural crest
202_89-0,Neural crest
202_90-0,Neural crest
202_91-0,Neural crest
202_92-0,Neural crest
202_93-0,Neural crest
202_94-0,Neural crest
202_95-0,Neural crest
202_96-0,Neural crest
202_97-0,Neural crest
202_98-0,Neural crest
202_99-0,Neural crest
203_100-0,Neural crest
203_101-0,Neural crest
203_102-0,Neural crest
203_110-0,Neural crest
203_111-0,Neural crest
203_112-0,Neural crest
203_120-0,Neural crest
203_121-0,Neural crest
203_122-0,Neural crest
203_123-0,Neural crest
203_125-0,Neural crest
203_126-0,Neural crest
203_133-0,Brain
203_134-0,Brain
203_135-0,Brain
203_136-0,Brain
203_137-0,Brain
203_138-0,Brain
203_139-0,Brain
203_140-0,Brain
203_141-0,Brain
203_142-0,Brain
203_143-0,Brain
203_144-0,Brain
203_145-0,Brain
203_146-0,Brain
203_147-0,Brain
203_148-0,Brain
203_149-0,Brain
203_150-0,Brain
203_151-0,Brain
203_152-0,Brain
203_153-0,Brain
203_154-0,Brain
203_155-0,Brain
203_82-0,Neural crest
203_83-0,Neural crest
203_84-0,Neural crest
203_85-0,Neural crest
203_86-0,Neural crest
203_87-0,Neural crest
203_88-0,Neural crest
203_89-0,Neural crest
203_90-0,Neural crest
203_91-0,Neural crest
203_92-0,Neural crest
203_93-0,Neural crest
203_94-0,Neural crest
203_95-0,Neural crest
203_96-0,Neural crest
203_97-0,Neural crest
203_98-0,Neural crest
203_99-0,Neural crest
204_100-0,Neural crest
204_101-0,Neural crest
204_102-0,Neural crest
204_103-0,Neural crest
204_111-0,Neural crest
204_112-0,Neural crest
204_113-0,Neural crest
204_119-0,Neural crest
204_120-0,Neural crest
204_121-0,Neural crest
204_123-0,Neural crest
204_124-0,Neural crest
204_134-0,Brain
204_135-0,Brain
204_136-0,Brain
204_137-0,Brain
204_138-0,Brain
204_139-0,Brain
204_140-0,Brain
204_141-0,Brain
204_142-0,Brain
204_143-0,Brain
204_144-0,Brain
204_145-0,Brain
204_146-0,Brain
204_147-0,Brain
204_148-0,Brain
204_149-0,Brain
204_150-0,Brain
204_151-0,Brain
204_152-0,Brain
204_153-0,Brain
204_154-0,Brain
204_81-0,Neural crest
204_82-0,Neural crest
204_83-0,Neural crest
204_84-0,Neural crest
204_85-0,Neural crest
204_86-0,Neural crest
204_87-0,Neural crest
204_88-0,Neural crest
204_89-0,Neural crest
204_90-0,Neural crest
204_91-0,Neural crest
204_92-0,Neural crest
204_93-0,Neural crest
204_94-0,Neural crest
204_95-0,Neural crest
204_96-0,Neural crest
204_97-0,Neural crest
204_98-0,Neural crest
204_99-0,Neural crest
205_100-0,Neural crest
205_101-0,Neural crest
205_102-0,Neural crest
205_103-0,Neural crest
205_104-0,Neural crest
205_111-0,Neural crest
205_112-0,Neural crest
205_113-0,Neural crest
205_114-0,Neural crest
205_115-0,Neural crest
205_118-0,Neural crest
205_119-0,Neural crest
205_120-0,Neural crest
205_123-0,Neural crest
205_133-0,Brain
205_134-0,Brain
205_135-0,Brain
205_136-0,Brain
205_137-0,Brain
205_138-0,Brain
205_139-0,Brain
205_140-0,Brain
205_141-0,Brain
205_142-0,Brain
205_143-0,Brain
205_144-0,Brain
205_145-0,Brain
205_146-0,Brain
205_147-0,Brain
205_148-0,Brain
205_149-0,Brain
205_150-0,Brain
205_151-0,Brain
205_152-0,Brain
205_153-0,Brain
205_154-0,Brain
205_80-0,Neural crest
205_81-0,Neural crest
205_82-0,Neural crest
205_83-0,Neural crest
205_84-0,Neural crest
205_85-0,Neural crest
205_86-0,Neural crest
205_87-0,Neural crest
205_88-0,Neural crest
205_89-0,Neural crest
205_90-0,Neural crest
205_91-0,Neural crest
205_92-0,Neural crest
205_93-0,Neural crest
205_94-0,Neural crest
205_95-0,Neural crest
205_96-0,Neural crest
205_97-0,Neural crest
205_98-0,Neural crest
205_99-0,Neural crest
206_100-0,Neural crest
206_101-0,Neural crest
206_102-0,Neural crest
206_103-0,Neural crest
206_104-0,Neural crest
206_105-0,Neural crest
206_112-0,Neural crest
206_113-0,Neural crest
206_114-0,Neural crest
206_115-0,Neural crest
206_116-0,Neural crest
206_117-0,Neural crest
206_118-0,Neural crest
206_119-0,Neural crest
206_122-0,Neural crest
206_123-0,Neural crest
206_130-0,Brain
206_131-0,Brain
206_133-0,Brain
206_134-0,Brain
206_135-0,Brain
206_136-0,Brain
206_137-0,Brain
206_138-0,Brain
206_139-0,Brain
206_140-0,Brain
206_141-0,Brain
206_142-0,Brain
206_143-0,Brain
206_144-0,Brain
206_145-0,Brain
206_146-0,Brain
206_147-0,Brain
206_148-0,Brain
206_149-0,Brain
206_150-0,Brain
206_151-0,Brain
206_152-0,Brain
206_153-0,Brain
206_80-0,Neural crest
206_81-0,Neural crest
206_82-0,Neural crest
206_83-0,Neural crest
206_84-0,Neural crest
206_85-0,Neural crest
206_86-0,Neural crest
206_87-0,Neural crest
206_88-0,Neural crest
206_89-0,Neural crest
206_90-0,Neural crest
206_91-0,Neural crest
206_92-0,Neural crest
206_93-0,Neural crest
206_94-0,Neural crest
206_95-0,Neural crest
206_96-0,Neural crest
206_97-0,Neural crest
206_98-0,Neural crest
206_99-0,Neural crest
207_100-0,Neural crest
207_101-0,Neural crest
207_102-0,Neural crest
207_103-0,Neural crest
207_104-0,Neural crest
207_105-0,Neural crest
207_106-0,Neural crest
207_112-0,Neural crest
207_113-0,Neural crest
207_114-0,Neural crest
207_115-0,Neural crest
207_116-0,Neural crest
207_117-0,Neural crest
207_118-0,Neural crest
207_123-0,Neural crest
207_129-0,Brain
207_131-0,Brain
207_132-0,Brain
207_133-0,Brain
207_134-0,Brain
207_135-0,Brain
207_136-0,Brain
207_137-0,Brain
207_138-0,Brain
207_139-0,Brain
207_140-0,Brain
207_141-0,Brain
207_142-0,Brain
207_143-0,Brain
207_144-0,Brain
207_145-0,Brain
207_146-0,Brain
207_147-0,Brain
207_148-0,Brain
207_149-0,Brain
207_150-0,Brain
207_151-0,Brain
207_152-0,Brain
207_153-0,Brain
207_79-0,Neural crest
207_80-0,Neural crest
207_81-0,Neural crest
207_82-0,Neural crest
207_83-0,Neural crest
207_84-0,Neural crest
207_85-0,Neural crest
207_86-0,Neural crest
207_87-0,Neural crest
207_88-0,Neural crest
207_89-0,Neural crest
207_90-0,Neural crest
207_91-0,Neural crest
207_92-0,Neural crest
207_93-0,Neural crest
207_94-0,Neural crest
207_95-0,Neural crest
207_96-0,Neural crest
207_97-0,Neural crest
207_98-0,Neural crest
207_99-0,Neural crest
208_100-0,Neural crest
208_101-0,Brain
208_102-0,Brain
208_103-0,Neural crest
208_104-0,Neural crest
208_105-0,Neural crest
208_107-0,Neural crest
208_108-0,Neural crest
208_111-0,Neural crest
208_112-0,Neural crest
208_113-0,Neural crest
208_114-0,Neural crest
208_115-0,Neural crest
208_116-0,Neural crest
208_117-0,Neural crest
208_118-0,Neural crest
208_119-0,Neural crest
208_129-0,Brain
208_130-0,Brain
208_131-0,Brain
208_132-0,Brain
208_133-0,Brain
208_134-0,Brain
208_135-0,Brain
208_136-0,Brain
208_137-0,Brain
208_138-0,Brain
208_139-0,Brain
208_140-0,Brain
208_141-0,Brain
208_142-0,Brain
208_143-0,Brain
208_144-0,Brain
208_145-0,Brain
208_146-0,Brain
208_147-0,Brain
208_148-0,Brain
208_149-0,Brain
208_150-0,Brain
208_151-0,Brain
208_152-0,Brain
208_153-0,Brain
208_79-0,Brain
208_80-0,Brain
208_81-0,Neural crest
208_82-0,Neural crest
208_83-0,Neural crest
208_84-0,Neural crest
208_85-0,Neural crest
208_86-0,Neural crest
208_87-0,Neural crest
208_88-0,Neural crest
208_89-0,Brain
208_90-0,Brain
208_91-0,Brain
208_92-0,Brain
208_93-0,Brain
208_94-0,Neural crest
208_95-0,Neural crest
208_96-0,Neural crest
208_97-0,Neural crest
208_98-0,Neural crest
208_99-0,Neural crest
209_100-0,Brain
209_101-0,Brain
209_102-0,Brain
209_103-0,Brain
209_104-0,Brain
209_105-0,Neural crest
209_109-0,Neural crest
209_110-0,Neural crest
209_111-0,Neural crest
209_112-0,Neural crest
209_113-0,Neural crest
209_114-0,Neural crest
209_115-0,Neural crest
209_116-0,Neural crest
209_117-0,Neural crest
209_118-0,Neural crest
209_119-0,Neural crest
209_129-0,Brain
209_130-0,Brain
209_131-0,Brain
209_132-0,Brain
209_133-0,Brain
209_134-0,Brain
209_135-0,Brain
209_136-0,Brain
209_137-0,Brain
209_138-0,Brain
209_139-0,Brain
209_140-0,Brain
209_141-0,Brain
209_142-0,Brain
209_143-0,Brain
209_144-0,Brain
209_145-0,Brain
209_146-0,Brain
209_147-0,Brain
209_148-0,Brain
209_149-0,Brain
209_150-0,Brain
209_151-0,Brain
209_152-0,Brain
209_153-0,Brain
209_79-0,Brain
209_80-0,Neural crest
209_81-0,Neural crest
209_82-0,Neural crest
209_83-0,Neural crest
209_84-0,Brain
209_85-0,Neural crest
209_86-0,Brain
209_87-0,Brain
209_88-0,Brain
209_89-0,Brain
209_90-0,Brain
209_91-0,Brain
209_92-0,Brain
209_93-0,Brain
209_94-0,Brain
209_95-0,Brain
209_96-0,Neural crest
209_98-0,Neural crest
209_99-0,Neural crest
210_100-0,Brain
210_101-0,Brain
210_102-0,Brain
210_103-0,Brain
210_104-0,Brain
210_105-0,Neural crest
210_106-0,Neural crest
210_107-0,Neural crest
210_111-0,Neural crest
210_112-0,Neural crest
210_113-0,Neural crest
210_114-0,Neural crest
210_115-0,Neural crest
210_116-0,Neural crest
210_117-0,Neural crest
210_129-0,Brain
210_130-0,Brain
210_131-0,Brain
210_132-0,Brain
210_133-0,Brain
210_134-0,Brain
210_135-0,Brain
210_136-0,Brain
210_137-0,Brain
210_138-0,Brain
210_139-0,Brain
210_140-0,Brain
210_141-0,Brain
210_142-0,Brain
210_143-0,Brain
210_144-0,Brain
210_145-0,Brain
210_146-0,Brain
210_147-0,Brain
210_148-0,Brain
210_149-0,Brain
210_150-0,Brain
210_151-0,Brain
210_152-0,Brain
210_78-0,Brain
210_79-0,Brain
210_80-0,Neural crest
210_81-0,Neural crest
210_82-0,Brain
210_83-0,Brain
210_84-0,Brain
210_85-0,Brain
210_86-0,Brain
210_87-0,Brain
210_88-0,Brain
210_89-0,Brain
210_90-0,Brain
210_91-0,Brain
210_92-0,Brain
210_93-0,Brain
210_94-0,Brain
210_95-0,Brain
210_96-0,Neural crest
210_98-0,Neural crest
210_99-0,Brain
211_100-0,Brain
211_101-0,Brain
211_102-0,Brain
211_103-0,Brain
211_104-0,Brain
211_105-0,Neural crest
211_106-0,Neural crest
211_107-0,Neural crest
211_108-0,Neural crest
211_110-0,Neural crest
211_111-0,Neural crest
211_113-0,Neural crest
211_114-0,Neural crest
211_115-0,Neural crest
211_116-0,Neural crest
211_117-0,Neural crest
211_128-0,Brain
211_129-0,Brain
211_130-0,Brain
211_131-0,Brain
211_132-0,Brain
211_133-0,Brain
211_134-0,Brain
211_135-0,Brain
211_136-0,Brain
211_137-0,Brain
211_138-0,Brain
211_139-0,Brain
211_140-0,Brain
211_141-0,Brain
211_142-0,Brain
211_143-0,Brain
211_144-0,Brain
211_145-0,Brain
211_146-0,Brain
211_147-0,Brain
211_148-0,Brain
211_149-0,Brain
211_150-0,Brain
211_151-0,Brain
211_78-0,Brain
211_79-0,Brain
211_80-0,Neural crest
211_81-0,Neural crest
211_82-0,Brain
211_83-0,Brain
211_84-0,Brain
211_85-0,Brain
211_86-0,Brain
211_87-0,Brain
211_88-0,Brain
211_89-0,Brain
211_90-0,Brain
211_91-0,Brain
211_92-0,Brain
211_93-0,Brain
211_94-0,Brain
211_95-0,Brain
211_96-0,Brain
211_97-0,Neural crest
211_98-0,Brain
211_99-0,Brain
212_100-0,Brain
212_101-0,Brain
212_102-0,Brain
212_103-0,Brain
212_104-0,Brain
212_105-0,Neural crest
212_106-0,Neural crest
212_107-0,Neural crest
212_108-0,Neural crest
212_109-0,Neural crest
212_110-0,Neural crest
212_111-0,Neural crest
212_112-0,Neural crest
212_113-0,Neural crest
212_114-0,Neural crest
212_115-0,Neural crest
212_116-0,Neural crest
212_117-0,Neural crest
212_127-0,Brain
212_128-0,Brain
212_129-0,Brain
212_130-0,Brain
212_131-0,Brain
212_132-0,Brain
212_133-0,Brain
212_134-0,Brain
212_135-0,Brain
212_136-0,Brain
212_137-0,Brain
212_138-0,Brain
212_139-0,Brain
212_140-0,Brain
212_141-0,Brain
212_142-0,Brain
212_143-0,Brain
212_144-0,Brain
212_145-0,Brain
212_146-0,Brain
212_147-0,Brain
212_148-0,Brain
212_149-0,Brain
212_150-0,Brain
212_78-0,Brain
212_79-0,Brain
212_80-0,Brain
212_81-0,Brain
212_82-0,Brain
212_83-0,Brain
212_84-0,Brain
212_85-0,Brain
212_86-0,Brain
212_87-0,Brain
212_88-0,Brain
212_89-0,Brain
212_90-0,Brain
212_91-0,Brain
212_92-0,Brain
212_93-0,Brain
212_94-0,Brain
212_95-0,Brain
212_96-0,Brain
212_97-0,Brain
212_98-0,Brain
212_99-0,Brain
213_100-0,Brain
213_101-0,Brain
213_102-0,Brain
213_103-0,Brain
213_104-0,Neural crest
213_105-0,Neural crest
213_108-0,Neural crest
213_109-0,Neural crest
213_110-0,Neural crest
213_111-0,Neural crest
213_112-0,Neural crest
213_113-0,Neural crest
213_114-0,Neural crest
213_115-0,Neural crest
213_116-0,Neural crest
213_117-0,Neural crest
213_125-0,Brain
213_126-0,Brain
213_127-0,Brain
213_128-0,Brain
213_129-0,Brain
213_130-0,Brain
213_131-0,Brain
213_132-0,Brain
213_133-0,Brain
213_134-0,Brain
213_135-0,Brain
213_136-0,Brain
213_137-0,Brain
213_138-0,Brain
213_139-0,Brain
213_140-0,Brain
213_141-0,Brain
213_142-0,Brain
213_143-0,Brain
213_144-0,Brain
213_145-0,Brain
213_146-0,Brain
213_147-0,Brain
213_148-0,Brain
213_149-0,Brain
213_150-0,Brain
213_78-0,Brain
213_79-0,Brain
213_80-0,Brain
213_81-0,Brain
213_82-0,Brain
213_83-0,Brain
213_84-0,Brain
213_85-0,Brain
213_86-0,Brain
213_87-0,Brain
213_88-0,Brain
213_89-0,Brain
213_90-0,Brain
213_91-0,Brain
213_92-0,Brain
213_93-0,Brain
213_94-0,Brain
213_95-0,Brain
213_96-0,Brain
213_97-0,Brain
213_98-0,Brain
213_99-0,Brain
214_100-0,Brain
214_101-0,Brain
214_102-0,Brain
214_103-0,Brain
214_104-0,Neural crest
214_108-0,Neural crest
214_109-0,Neural crest
214_110-0,Neural crest
214_111-0,Neural crest
214_112-0,Neural crest
214_113-0,Neural crest
214_114-0,Neural crest
214_115-0,Neural crest
214_116-0,Neural crest
214_124-0,Brain
214_125-0,Brain
214_126-0,Brain
214_127-0,Brain
214_128-0,Brain
214_129-0,Brain
214_130-0,Brain
214_131-0,Brain
214_132-0,Brain
214_133-0,Brain
214_134-0,Brain
214_135-0,Brain
214_136-0,Brain
214_137-0,Brain
214_138-0,Brain
214_139-0,Brain
214_140-0,Brain
214_141-0,Brain
214_142-0,Brain
214_143-0,Brain
214_144-0,Brain
214_145-0,Brain
214_146-0,Brain
214_147-0,Brain
214_148-0,Brain
214_149-0,Brain
214_78-0,Brain
214_79-0,Brain
214_80-0,Brain
214_81-0,Brain
214_82-0,Brain
214_83-0,Brain
214_84-0,Brain
214_85-0,Brain
214_86-0,Brain
214_87-0,Brain
214_88-0,Brain
214_89-0,Brain
214_90-0,Brain
214_91-0,Brain
214_92-0,Brain
214_93-0,Brain
214_94-0,Brain
214_95-0,Brain
214_96-0,Brain
214_97-0,Brain
214_98-0,Brain
214_99-0,Brain
215_100-0,Brain
215_101-0,Brain
215_102-0,Neural crest
215_109-0,Neural crest
215_110-0,Neural crest
215_111-0,Neural crest
215_112-0,Neural crest
215_113-0,Neural crest
215_114-0,Neural crest
215_115-0,Neural crest
215_116-0,Neural crest
215_117-0,Neural crest
215_118-0,Neural crest
215_128-0,Brain
215_129-0,Brain
215_130-0,Brain
215_131-0,Brain
215_132-0,Brain
215_133-0,Brain
215_134-0,Brain
215_135-0,Brain
215_136-0,Brain
215_137-0,Brain
215_138-0,Brain
215_139-0,Brain
215_140-0,Brain
215_141-0,Brain
215_142-0,Brain
215_143-0,Brain
215_144-0,Brain
215_146-0,Brain
215_147-0,Brain
215_79-0,Brain
215_80-0,Brain
215_81-0,Brain
215_82-0,Brain
215_83-0,Brain
215_84-0,Brain
215_85-0,Brain
215_87-0,Brain
215_88-0,Brain
215_89-0,Brain
215_90-0,Brain
215_91-0,Brain
215_94-0,Brain
215_95-0,Brain
215_96-0,Brain
215_97-0,Brain
215_98-0,Brain
215_99-0,Brain
216_100-0,Brain
216_101-0,Brain
216_102-0,Neural crest
216_109-0,Neural crest
216_110-0,Neural crest
216_111-0,Neural crest
216_112-0,Neural crest
216_113-0,Neural crest
216_114-0,Neural crest
216_115-0,Neural crest
216_116-0,Neural crest
216_117-0,Neural crest
216_125-0,Brain
216_126-0,Brain
216_127-0,Brain
216_128-0,Brain
216_129-0,Brain
216_130-0,Brain
216_131-0,Brain
216_132-0,Brain
216_133-0,Brain
216_134-0,Brain
216_135-0,Brain
216_136-0,Brain
216_137-0,Brain
216_138-0,Brain
216_139-0,Brain
216_140-0,Brain
216_141-0,Brain
216_142-0,Brain
216_143-0,Brain
216_144-0,Brain
216_145-0,Brain
216_146-0,Brain
216_147-0,Brain
216_78-0,Brain
216_79-0,Brain
216_80-0,Brain
216_81-0,Brain
216_82-0,Brain
216_83-0,Brain
216_84-0,Brain
216_85-0,Brain
216_86-0,Brain
216_87-0,Brain
216_88-0,Brain
216_89-0,Brain
216_90-0,Brain
216_91-0,Brain
216_92-0,Brain
216_93-0,Brain
216_94-0,Brain
216_95-0,Brain
216_96-0,Brain
216_97-0,Brain
216_98-0,Brain
216_99-0,Brain
217_100-0,Brain
217_101-0,Neural crest
217_104-0,Neural crest
217_109-0,Neural crest
217_110-0,Neural crest
217_111-0,Neural crest
217_112-0,Neural crest
217_113-0,Neural crest
217_114-0,Neural crest
217_115-0,Neural crest
217_116-0,Neural crest
217_117-0,Neural crest
217_118-0,Brain
217_121-0,Brain
217_122-0,Brain
217_124-0,Brain
217_125-0,Brain
217_126-0,Brain
217_127-0,Brain
217_128-0,Brain
217_129-0,Brain
217_130-0,Brain
217_131-0,Brain
217_132-0,Brain
217_133-0,Brain
217_134-0,Brain
217_135-0,Brain
217_136-0,Brain
217_137-0,Brain
217_138-0,Brain
217_139-0,Brain
217_140-0,Brain
217_141-0,Brain
217_142-0,Brain
217_143-0,Brain
217_78-0,Brain
217_79-0,Brain
217_80-0,Brain
217_81-0,Brain
217_82-0,Brain
217_83-0,Brain
217_84-0,Brain
217_85-0,Brain
217_86-0,Brain
217_87-0,Brain
217_88-0,Brain
217_89-0,Brain
217_90-0,Brain
217_91-0,Brain
217_92-0,Brain
217_93-0,Brain
217_94-0,Brain
217_95-0,Brain
217_96-0,Brain
217_97-0,Brain
217_98-0,Brain
217_99-0,Brain
218_100-0,Neural crest
218_103-0,Neural crest
218_104-0,Neural crest
218_107-0,Neural crest
218_108-0,Neural crest
218_109-0,Neural crest
218_110-0,Neural crest
218_111-0,Neural crest
218_112-0,Neural crest
218_113-0,Neural crest
218_114-0,Neural crest
218_115-0,Neural crest
218_116-0,Neural crest
218_117-0,Brain
218_121-0,Brain
218_122-0,Brain
218_124-0,Brain
218_125-0,Brain
218_126-0,Brain
218_127-0,Brain
218_128-0,Brain
218_129-0,Brain
218_130-0,Brain
218_131-0,Brain
218_132-0,Brain
218_133-0,Brain
218_134-0,Brain
218_135-0,Brain
218_136-0,Brain
218_137-0,Brain
218_138-0,Brain
218_139-0,Brain
218_140-0,Brain
218_141-0,Brain
218_142-0,Brain
218_143-0,Brain
218_144-0,Brain
218_78-0,Brain
218_79-0,Brain
218_80-0,Brain
218_81-0,Brain
218_82-0,Brain
218_83-0,Brain
218_84-0,Brain
218_85-0,Brain
218_86-0,Brain
218_87-0,Brain
218_88-0,Brain
218_89-0,Brain
218_90-0,Brain
218_91-0,Brain
218_92-0,Brain
218_93-0,Brain
218_94-0,Neural crest
218_95-0,Neural crest
218_96-0,Brain
218_97-0,Brain
218_98-0,Brain
218_99-0,Neural crest
219_100-0,Neural crest
219_101-0,Neural crest
219_102-0,Neural crest
219_103-0,Neural crest
219_104-0,Neural crest
219_105-0,Neural crest
219_106-0,Neural crest
219_107-0,Neural crest
219_108-0,Neural crest
219_109-0,Neural crest
219_110-0,Neural crest
219_111-0,Neural crest
219_112-0,Neural crest
219_113-0,Neural crest
219_114-0,Neural crest
219_115-0,Neural crest
219_116-0,Brain
219_117-0,Brain
219_121-0,Brain
219_122-0,Brain
219_124-0,Brain
219_125-0,Brain
219_126-0,Brain
219_127-0,Brain
219_135-0,Brain
219_136-0,Brain
219_137-0,Brain
219_138-0,Brain
219_139-0,Brain
219_140-0,Brain
219_141-0,Brain
219_142-0,Brain
219_143-0,Brain
219_78-0,Brain
219_79-0,Brain
219_80-0,Brain
219_81-0,Brain
219_82-0,Brain
219_83-0,Brain
219_84-0,Brain
219_85-0,Brain
219_86-0,Brain
219_87-0,Brain
219_88-0,Brain
219_89-0,Brain
219_90-0,Brain
219_91-0,Brain
219_92-0,Brain
219_93-0,Brain
219_94-0,Neural crest
219_95-0,Neural crest
219_96-0,Neural crest
219_97-0,Neural crest
219_98-0,Neural crest
219_99-0,Neural crest
220_100-0,Neural crest
220_101-0,Neural crest
220_102-0,Neural crest
220_103-0,Neural crest
220_104-0,Neural crest
220_105-0,Neural crest
220_106-0,Neural crest
220_107-0,Neural crest
220_108-0,Neural crest
220_109-0,Neural crest
220_110-0,Neural crest
220_111-0,Neural crest
220_112-0,Neural crest
220_113-0,Neural crest
220_114-0,Neural crest
220_115-0,Brain
220_116-0,Brain
220_121-0,Brain
220_122-0,Brain
220_124-0,Brain
220_125-0,Brain
220_126-0,Brain
220_137-0,Brain
220_138-0,Brain
220_140-0,Brain
220_141-0,Brain
220_142-0,Brain
220_78-0,Brain
220_79-0,Brain
220_80-0,Brain
220_81-0,Brain
220_82-0,Brain
220_83-0,Brain
220_84-0,Brain
220_85-0,Brain
220_86-0,Brain
220_87-0,Brain
220_88-0,Brain
220_89-0,Brain
220_90-0,Brain
220_91-0,Brain
220_92-0,Brain
220_93-0,Brain
220_94-0,Neural crest
220_95-0,Neural crest
220_96-0,Neural crest
220_97-0,Neural crest
220_98-0,Neural crest
220_99-0,Neural crest
221_100-0,Neural crest
221_101-0,Neural crest
221_102-0,Neural crest
221_103-0,Neural crest
221_104-0,Neural crest
221_105-0,Neural crest
221_106-0,Neural crest
221_107-0,Neural crest
221_108-0,Neural crest
221_109-0,Neural crest
221_110-0,Neural crest
221_111-0,Neural crest
221_112-0,Neural crest
221_113-0,Neural crest
221_114-0,Neural crest
221_115-0,Brain
221_116-0,Brain
221_120-0,Brain
221_121-0,Brain
221_122-0,Brain
221_125-0,Brain
221_138-0,Brain
221_140-0,Brain
221_79-0,Brain
221_80-0,Brain
221_81-0,Brain
221_82-0,Brain
221_83-0,Brain
221_84-0,Brain
221_85-0,Brain
221_86-0,Brain
221_87-0,Brain
221_88-0,Brain
221_89-0,Brain
221_90-0,Brain
221_91-0,Brain
221_92-0,Neural crest
221_93-0,Neural crest
221_94-0,Neural crest
221_95-0,Neural crest
221_96-0,Neural crest
221_97-0,Neural crest
221_98-0,Neural crest
221_99-0,Neural crest
222_100-0,Neural crest
222_101-0,Neural crest
222_102-0,Neural crest
222_103-0,Neural crest
222_104-0,Neural crest
222_105-0,Neural crest
222_106-0,Neural crest
222_107-0,Neural crest
222_108-0,Neural crest
222_109-0,Neural crest
222_110-0,Neural crest
222_111-0,Neural crest
222_112-0,Neural crest
222_113-0,Neural crest
222_116-0,Brain
222_119-0,Brain
222_120-0,Brain
222_121-0,Brain
222_122-0,Brain
222_79-0,Brain
222_80-0,Brain
222_81-0,Brain
222_82-0,Brain
222_83-0,Brain
222_84-0,Brain
222_85-0,Brain
222_86-0,Brain
222_87-0,Brain
222_88-0,Brain
222_89-0,Brain
222_90-0,Brain
222_91-0,Brain
222_92-0,Neural crest
222_93-0,Neural crest
222_94-0,Neural crest
222_95-0,Neural crest
222_96-0,Neural crest
222_97-0,Neural crest
222_98-0,Neural crest
222_99-0,Neural crest
223_100-0,Neural crest
223_101-0,Neural crest
223_102-0,Neural crest
223_103-0,Neural crest
223_104-0,Neural crest
223_105-0,Neural crest
223_106-0,Neural crest
223_107-0,Neural crest
223_108-0,Neural crest
223_109-0,Neural crest
223_110-0,Neural crest
223_111-0,Neural crest
223_112-0,Neural crest
223_113-0,Neural crest
223_119-0,Brain
223_120-0,Brain
223_121-0,Brain
223_135-0,Brain
223_136-0,Brain
223_80-0,Brain
223_81-0,Brain
223_82-0,Brain
223_83-0,Brain
223_84-0,Brain
223_85-0,Brain
223_86-0,Brain
223_87-0,Brain
223_88-0,Brain
223_89-0,Brain
223_90-0,Brain
223_91-0,Neural crest
223_92-0,Neural crest
223_93-0,Neural crest
223_94-0,Neural crest
223_95-0,Neural crest
223_96-0,Neural crest
223_97-0,Neural crest
223_98-0,Neural crest
223_99-0,Neural crest
224_100-0,Neural crest
224_101-0,Neural crest
224_102-0,Neural crest
224_103-0,Neural crest
224_104-0,Brain
224_105-0,Brain
224_106-0,Neural crest
224_107-0,Neural crest
224_108-0,Neural crest
224_109-0,Neural crest
224_110-0,Neural crest
224_111-0,Neural crest
224_118-0,Brain
224_119-0,Brain
224_120-0,Brain
224_133-0,Brain
224_134-0,Brain
224_135-0,Brain
224_136-0,Brain
224_80-0,Brain
224_81-0,Brain
224_82-0,Brain
224_83-0,Brain
224_84-0,Brain
224_85-0,Brain
224_86-0,Brain
224_87-0,Brain
224_88-0,Brain
224_89-0,Brain
224_90-0,Brain
224_91-0,Neural crest
224_92-0,Neural crest
224_93-0,Neural crest
224_94-0,Brain
224_95-0,Neural crest
224_96-0,Neural crest
224_97-0,Neural crest
224_98-0,Neural crest
224_99-0,Neural crest
225_100-0,Neural crest
225_101-0,Neural crest
225_102-0,Brain
225_103-0,Neural crest
225_104-0,Brain
225_105-0,Brain
225_106-0,Neural crest
225_107-0,Neural crest
225_108-0,Neural crest
225_109-0,Neural crest
225_110-0,Neural crest
225_111-0,Neural crest
225_118-0,Brain
225_119-0,Brain
225_120-0,Brain
225_132-0,Brain
225_133-0,Brain
225_134-0,Brain
225_135-0,Brain
225_81-0,Brain
225_82-0,Brain
225_83-0,Brain
225_84-0,Brain
225_85-0,Brain
225_86-0,Brain
225_87-0,Brain
225_88-0,Brain
225_89-0,Brain
225_90-0,Brain
225_91-0,Brain
225_92-0,Brain
225_93-0,Brain
225_94-0,Brain
225_95-0,Neural crest
225_96-0,Neural crest
225_97-0,Neural crest
225_98-0,Neural crest
225_99-0,Neural crest
226_100-0,Brain
226_101-0,Neural crest
226_102-0,Brain
226_103-0,Brain
226_104-0,Brain
226_105-0,Brain
226_106-0,Neural crest
226_107-0,Neural crest
226_108-0,Neural crest
226_109-0,Neural crest
226_110-0,Neural crest
226_111-0,Neural crest
226_117-0,Brain
226_118-0,Brain
226_119-0,Brain
226_120-0,Brain
226_131-0,Brain
226_132-0,Brain
226_133-0,Brain
226_134-0,Brain
226_82-0,Brain
226_83-0,Brain
226_84-0,Brain
226_85-0,Brain
226_86-0,Neural crest
226_87-0,Brain
226_88-0,Brain
226_89-0,Brain
226_90-0,Brain
226_91-0,Brain
226_92-0,Brain
226_93-0,Brain
226_94-0,Brain
226_95-0,Neural crest
226_96-0,Neural crest
226_97-0,Neural crest
226_98-0,Neural crest
226_99-0,Neural crest
227_100-0,Brain
227_101-0,Neural crest
227_102-0,Brain
227_103-0,Brain
227_105-0,Neural crest
227_106-0,Neural crest
227_107-0,Neural crest
227_108-0,Neural crest
227_109-0,Neural crest
227_110-0,Neural crest
227_111-0,Neural crest
227_116-0,Brain
227_117-0,Brain
227_118-0,Brain
227_119-0,Brain
227_127-0,Brain
227_128-0,Brain
227_129-0,Brain
227_130-0,Brain
227_131-0,Brain
227_132-0,Brain
227_133-0,Brain
227_82-0,Brain
227_83-0,Brain
227_84-0,Brain
227_85-0,Neural crest
227_86-0,Neural crest
227_87-0,Brain
227_88-0,Brain
227_89-0,Brain
227_90-0,Brain
227_91-0,Brain
227_92-0,Brain
227_93-0,Brain
227_94-0,Neural crest
227_95-0,Neural crest
227_96-0,Neural crest
227_97-0,Neural crest
227_98-0,Neural crest
227_99-0,Neural crest
228_100-0,Neural crest
228_101-0,Neural crest
228_102-0,Brain
228_106-0,Neural crest
228_107-0,Neural crest
228_108-0,Neural crest
228_109-0,Neural crest
228_110-0,Neural crest
228_116-0,Brain
228_117-0,Brain
228_118-0,Brain
228_126-0,Brain
228_127-0,Brain
228_128-0,Brain
228_129-0,Brain
228_130-0,Brain
228_131-0,Brain
228_132-0,Brain
228_82-0,Brain
228_83-0,Brain
228_84-0,Brain
228_85-0,Brain
228_86-0,Brain
228_87-0,Brain
228_88-0,Brain
228_89-0,Brain
228_90-0,Brain
228_91-0,Brain
228_92-0,Brain
228_93-0,Brain
228_94-0,Brain
228_95-0,Neural crest
228_96-0,Neural crest
228_97-0,Neural crest
228_98-0,Neural crest
228_99-0,Neural crest
229_100-0,Neural crest
229_101-0,Neural crest
229_105-0,Neural crest
229_106-0,Neural crest
229_107-0,Neural crest
229_108-0,Neural crest
229_109-0,Neural crest
229_116-0,Brain
229_117-0,Brain
229_118-0,Brain
229_126-0,Brain
229_127-0,Brain
229_128-0,Brain
229_129-0,Brain
229_130-0,Brain
229_131-0,Brain
229_83-0,Brain
229_84-0,Brain
229_85-0,Brain
229_86-0,Brain
229_87-0,Brain
229_88-0,Brain
229_89-0,Brain
229_90-0,Brain
229_91-0,Brain
229_92-0,Brain
229_93-0,Brain
229_94-0,Brain
229_95-0,Brain
229_96-0,Neural crest
229_97-0,Neural crest
229_98-0,Neural crest
229_99-0,Neural crest
230_100-0,Neural crest
230_101-0,Neural crest
230_102-0,Neural crest
230_103-0,Neural crest
230_104-0,Neural crest
230_105-0,Neural crest
230_106-0,Neural crest
230_107-0,Neural crest
230_108-0,Neural crest
230_115-0,Brain
230_116-0,Brain
230_117-0,Brain
230_126-0,Brain
230_127-0,Brain
230_128-0,Brain
230_129-0,Brain
230_130-0,Brain
230_83-0,Brain
230_84-0,Brain
230_85-0,Brain
230_86-0,Brain
230_87-0,Brain
230_88-0,Brain
230_89-0,Brain
230_90-0,Brain
230_91-0,Brain
230_92-0,Brain
230_93-0,Brain
230_94-0,Brain
230_95-0,Brain
230_96-0,Brain
230_97-0,Neural crest
230_98-0,Neural crest
230_99-0,Neural crest
231_100-0,Neural crest
231_101-0,Neural crest
231_102-0,Neural crest
231_103-0,Neural crest
231_104-0,Neural crest
231_105-0,Neural crest
231_106-0,Neural crest
231_107-0,Neural crest
231_114-0,Brain
231_115-0,Brain
231_116-0,Brain
231_117-0,Brain
231_127-0,Brain
231_128-0,Brain
231_129-0,Brain
231_130-0,Brain
231_84-0,Brain
231_85-0,Brain
231_86-0,Brain
231_87-0,Brain
231_88-0,Brain
231_89-0,Brain
231_90-0,Brain
231_91-0,Brain
231_92-0,Brain
231_93-0,Brain
231_94-0,Brain
231_95-0,Brain
231_96-0,Brain
231_97-0,Brain
231_98-0,Neural crest
231_99-0,Neural crest
232_102-0,Neural crest
232_103-0,Neural crest
232_104-0,Neural crest
232_105-0,Neural crest
232_106-0,Neural crest
232_112-0,Brain
232_113-0,Brain
232_114-0,Brain
232_115-0,Brain
232_116-0,Brain
232_127-0,Brain
232_128-0,Brain
232_129-0,Brain
232_130-0,Brain
232_85-0,Brain
232_86-0,Brain
232_87-0,Brain
232_88-0,Brain
232_89-0,Brain
232_90-0,Brain
232_91-0,Brain
232_92-0,Brain
232_93-0,Brain
232_94-0,Brain
232_95-0,Brain
232_96-0,Brain
232_97-0,Brain
232_98-0,Brain
232_99-0,Neural crest
233_100-0,Neural crest
233_101-0,Neural crest
233_102-0,Neural crest
233_103-0,Neural crest
233_105-0,Neural crest
233_106-0,Neural crest
233_111-0,Brain
233_112-0,Brain
233_113-0,Brain
233_114-0,Brain
233_115-0,Brain
233_127-0,Brain
233_128-0,Brain
233_129-0,Brain
233_130-0,Brain
233_85-0,Brain
233_86-0,Brain
233_87-0,Brain
233_88-0,Brain
233_89-0,Brain
233_90-0,Brain
233_91-0,Brain
233_92-0,Brain
233_93-0,Brain
233_94-0,Brain
233_95-0,Brain
233_96-0,Brain
233_97-0,Brain
233_98-0,Brain
233_99-0,Neural crest
234_100-0,Neural crest
234_101-0,Neural crest
234_102-0,Neural crest
234_103-0,Neural crest
234_104-0,Neural crest
234_105-0,Neural crest
234_106-0,Neural crest
234_111-0,Brain
234_112-0,Brain
234_113-0,Brain
234_114-0,Brain
234_115-0,Brain
234_127-0,Brain
234_128-0,Brain
234_129-0,Brain
234_130-0,Brain
234_86-0,Brain
234_87-0,Brain
234_88-0,Brain
234_89-0,Brain
234_90-0,Brain
234_91-0,Brain
234_92-0,Brain
234_93-0,Brain
234_94-0,Brain
234_95-0,Brain
234_96-0,Brain
234_97-0,Brain
234_98-0,Brain
234_99-0,Brain
235_100-0,Neural crest
235_101-0,Neural crest
235_102-0,Neural crest
235_103-0,Neural crest
235_104-0,Neural crest
235_105-0,Neural crest
235_106-0,Neural crest
235_112-0,Brain
235_113-0,Brain
235_127-0,Brain
235_128-0,Brain
235_129-0,Brain
235_130-0,Brain
235_86-0,Brain
235_87-0,Brain
235_88-0,Brain
235_89-0,Brain
235_90-0,Brain
235_91-0,Brain
235_92-0,Brain
235_93-0,Brain
235_94-0,Brain
235_95-0,Brain
235_96-0,Brain
235_97-0,Brain
235_98-0,Brain
235_99-0,Brain
236_100-0,Brain
236_101-0,Brain
236_102-0,Neural crest
236_103-0,Neural crest
236_104-0,Neural crest
236_105-0,Neural crest
236_106-0,Neural crest
236_127-0,Brain
236_128-0,Brain
236_129-0,Brain
236_130-0,Brain
236_86-0,Brain
236_87-0,Brain
236_88-0,Brain
236_89-0,Brain
236_90-0,Brain
236_91-0,Brain
236_92-0,Brain
236_93-0,Brain
236_94-0,Brain
236_95-0,Brain
236_96-0,Brain
236_97-0,Brain
236_98-0,Brain
236_99-0,Brain
237_100-0,Brain
237_101-0,Brain
237_102-0,Brain
237_103-0,Neural crest
237_104-0,Neural crest
237_105-0,Neural crest
237_125-0,Brain
237_126-0,Brain
237_127-0,Brain
237_128-0,Brain
237_129-0,Brain
237_130-0,Brain
237_131-0,Brain
237_87-0,Brain
237_88-0,Brain
237_89-0,Brain
237_90-0,Brain
237_91-0,Brain
237_92-0,Brain
237_93-0,Brain
237_94-0,Brain
237_95-0,Brain
237_96-0,Brain
237_97-0,Brain
237_98-0,Brain
237_99-0,Brain
238_100-0,Brain
238_101-0,Brain
238_102-0,Brain
238_103-0,Brain
238_124-0,Brain
238_125-0,Brain
238_126-0,Brain
238_127-0,Brain
238_128-0,Brain
238_129-0,Brain
238_130-0,Brain
238_87-0,Brain
238_88-0,Brain
238_89-0,Brain
238_90-0,Brain
238_91-0,Brain
238_92-0,Brain
238_93-0,Brain
238_94-0,Brain
238_95-0,Brain
238_96-0,Brain
238_97-0,Brain
238_98-0,Brain
238_99-0,Brain
239_100-0,Brain
239_101-0,Brain
239_102-0,Brain
239_103-0,Brain
239_104-0,Brain
239_121-0,Brain
239_122-0,Brain
239_124-0,Brain
239_125-0,Brain
239_126-0,Brain
239_127-0,Brain
239_128-0,Brain
239_129-0,Brain
239_130-0,Brain
239_88-0,Brain
239_89-0,Brain
239_90-0,Brain
239_91-0,Brain
239_92-0,Brain
239_93-0,Brain
239_94-0,Brain
239_95-0,Brain
239_96-0,Brain
239_97-0,Brain
239_98-0,Brain
239_99-0,Brain
240_100-0,Brain
240_101-0,Brain
240_102-0,Brain
240_103-0,Brain
240_104-0,Brain
240_120-0,Brain
240_121-0,Brain
240_122-0,Brain
240_123-0,Brain
240_124-0,Brain
240_125-0,Brain
240_126-0,Brain
240_127-0,Brain
240_128-0,Brain
240_129-0,Brain
240_130-0,Brain
240_89-0,Brain
240_90-0,Brain
240_91-0,Brain
240_92-0,Brain
240_93-0,Brain
240_94-0,Brain
240_95-0,Brain
240_96-0,Brain
240_97-0,Brain
240_98-0,Brain
240_99-0,Brain
241_100-0,Brain
241_101-0,Brain
241_102-0,Brain
241_103-0,Brain
241_118-0,Brain
241_119-0,Brain
241_120-0,Brain
241_121-0,Brain
241_122-0,Brain
241_123-0,Brain
241_124-0,Brain
241_125-0,Brain
241_126-0,Brain
241_127-0,Brain
241_128-0,Brain
241_129-0,Brain
241_89-0,Brain
241_90-0,Brain
241_91-0,Brain
241_92-0,Brain
241_93-0,Brain
241_94-0,Brain
241_95-0,Brain
241_96-0,Brain
241_97-0,Brain
241_98-0,Brain
241_99-0,Brain
242_100-0,Brain
242_101-0,Brain
242_102-0,Brain
242_116-0,Brain
242_117-0,Brain
242_118-0,Brain
242_119-0,Brain
242_120-0,Brain
242_121-0,Brain
242_122-0,Brain
242_123-0,Brain
242_124-0,Brain
242_125-0,Brain
242_126-0,Brain
242_127-0,Brain
242_128-0,Brain
242_129-0,Brain
242_90-0,Brain
242_91-0,Brain
242_92-0,Brain
242_93-0,Brain
242_94-0,Brain
242_95-0,Brain
242_96-0,Brain
242_97-0,Brain
242_98-0,Brain
242_99-0,Brain
243_100-0,Brain
243_101-0,Brain
243_102-0,Brain
243_116-0,Brain
243_117-0,Brain
243_118-0,Brain
243_119-0,Brain
243_120-0,Brain
243_121-0,Brain
243_122-0,Brain
243_123-0,Brain
243_124-0,Brain
243_125-0,Brain
243_126-0,Brain
243_127-0,Brain
243_91-0,Brain
243_93-0,Brain
243_94-0,Brain
243_95-0,Brain
243_96-0,Brain
243_97-0,Brain
243_98-0,Brain
243_99-0,Brain
244_100-0,Brain
244_101-0,Brain
244_102-0,Brain
244_103-0,Brain
244_115-0,Brain
244_116-0,Brain
244_117-0,Brain
244_118-0,Brain
244_119-0,Brain
244_120-0,Brain
244_121-0,Brain
244_122-0,Brain
244_124-0,Brain
244_125-0,Brain
244_126-0,Brain
244_93-0,Brain
244_94-0,Brain
244_95-0,Brain
244_96-0,Brain
244_97-0,Brain
244_98-0,Brain
244_99-0,Brain
245_100-0,Brain
245_101-0,Brain
245_102-0,Brain
245_103-0,Brain
245_104-0,Brain
245_115-0,Brain
245_116-0,Brain
245_117-0,Brain
245_118-0,Brain
245_119-0,Brain
245_120-0,Brain
245_121-0,Brain
245_122-0,Brain
245_124-0,Brain
245_125-0,Brain
245_126-0,Brain
245_127-0,Brain
245_93-0,Brain
245_94-0,Brain
245_95-0,Brain
245_96-0,Brain
245_97-0,Brain
245_98-0,Brain
245_99-0,Brain
246_100-0,Brain
246_101-0,Brain
246_102-0,Brain
246_103-0,Brain
246_104-0,Brain
246_105-0,Brain
246_106-0,Brain
246_107-0,Brain
246_108-0,Brain
246_117-0,Brain
246_118-0,Brain
246_119-0,Brain
246_120-0,Neural crest
246_121-0,Neural crest
246_122-0,Brain
246_96-0,Brain
246_97-0,Brain
246_98-0,Brain
246_99-0,Brain
247_100-0,Brain
247_101-0,Brain
247_102-0,Brain
247_103-0,Brain
247_104-0,Brain
247_105-0,Brain
247_106-0,Brain
247_107-0,Brain
247_108-0,Brain
247_109-0,Brain
247_115-0,Brain
247_116-0,Brain
247_117-0,Brain
247_118-0,Brain
247_119-0,Brain
247_120-0,Brain
247_121-0,Brain
247_122-0,Brain
247_96-0,Brain
247_97-0,Brain
247_98-0,Brain
247_99-0,Brain
248_100-0,Brain
248_101-0,Brain
248_102-0,Brain
248_103-0,Brain
248_104-0,Brain
248_105-0,Brain
248_106-0,Brain
248_107-0,Brain
248_108-0,Brain
248_109-0,Brain
248_110-0,Brain
248_111-0,Brain
248_112-0,Brain
248_113-0,Brain
248_114-0,Brain
248_115-0,Brain
248_116-0,Brain
248_117-0,Brain
248_118-0,Brain
248_119-0,Brain
248_120-0,Brain
248_121-0,Brain
248_122-0,Brain
248_96-0,Brain
248_97-0,Brain
248_98-0,Brain
248_99-0,Brain
249_100-0,Brain
249_101-0,Brain
249_102-0,Brain
249_103-0,Brain
249_104-0,Brain
249_105-0,Brain
249_106-0,Brain
249_107-0,Brain
249_108-0,Brain
249_109-0,Brain
249_110-0,Brain
249_111-0,Brain
249_112-0,Brain
249_113-0,Brain
249_114-0,Brain
249_115-0,Brain
249_116-0,Brain
249_117-0,Brain
249_118-0,Brain
249_119-0,Brain
249_120-0,Brain
249_121-0,Brain
249_122-0,Brain
249_97-0,Brain
249_98-0,Brain
249_99-0,Brain
250_100-0,Brain
250_101-0,Brain
250_102-0,Brain
250_103-0,Brain
250_104-0,Brain
250_105-0,Brain
250_106-0,Brain
250_107-0,Brain
250_108-0,Brain
250_109-0,Brain
250_110-0,Brain
250_111-0,Brain
250_112-0,Brain
250_113-0,Brain
250_114-0,Brain
250_115-0,Brain
250_116-0,Brain
250_117-0,Brain
250_118-0,Brain
250_119-0,Brain
250_120-0,Brain
250_121-0,Brain
250_99-0,Brain
251_100-0,Brain
251_101-0,Brain
251_102-0,Brain
251_103-0,Brain
251_104-0,Brain
251_105-0,Brain
251_106-0,Brain
251_107-0,Brain
251_108-0,Brain
251_109-0,Brain
251_110-0,Brain
251_111-0,Brain
251_112-0,Brain
251_113-0,Brain
251_114-0,Brain
251_115-0,Brain
251_116-0,Brain
251_117-0,Brain
251_118-0,Brain
251_119-0,Brain
252_103-0,Brain
252_104-0,Brain
252_105-0,Brain
252_106-0,Brain
252_107-0,Brain
252_108-0,Brain
252_109-0,Brain
252_110-0,Brain
252_111-0,Brain
252_112-0,Brain
252_113-0,Brain
252_114-0,Brain
252_115-0,Brain
252_116-0,Brain
